Name,GivenName,Surname,DisplayName,Description,Office,SamAccountName,Title,Department,Manager,StreetAddress,City,State,Country,PostalCode,Company,Path,Password,DomainName,CopyFrom
Maria Rivera,Rivera,Maria,Maria Rivera,PWC - Titan,,mrivera,PWC - Titan,,tklok,,,,,,PWC,"OU=consultants,DC=etfsinc,DC=com",Global123.com,globalexcel.com,ftorres
Julie Kochan,Kochan,Julie,Julie Kochan,PWC - Titan,,jkochan,PWC - Titan,,tklok,,,,,,PWC,"OU=consultants,DC=etfsinc,DC=com",Global123.com,globalexcel.com,ftorres
Rachid Methia,Methia,Rachid,Rachid Methia,PWC - Titan,,rmethia,PWC - Titan,,tklok,,,,,,PWC,"OU=consultants,DC=etfsinc,DC=com",Global123.com,globalexcel.com,ftorres
Reshani Regnald,Reginald,Reshani,Reshani Reginald,PWC - Titan,,rregnald,PWC - Titan,,tklok,,,,,,PWC,"OU=consultants,DC=etfsinc,DC=com",Global123.com,globalexcel.com,ftorres
