Name,GivenName,Surname,DisplayName,Description,Office,SamAccountName,Title,Department,Manager,StreetAddress,City,State,Country,PostalCode,Company,Path,Password,DomainName,CopyFrom,ext,email,webrtc
Maya Gandey,Maya,Gandey,Maya Gandey,CSR I - Health Assistance,Sherbrooke,mgandey,CSR I - Health Assistance,Int Client Operations,lroca,74 Rue Queen,Sherbrooke,Quebec,CA,J1M0C9,Global Excel Management Inc.,"OU=Employees,DC=etfsinc,DC=com",Global123.com,globalexcel.com,ccharbonneau,2340,Maya.Gandey@globalexcel.com,mgandey-WebRTC
Laura Isabel  Gongora Orozco,Laura Isabel,Gongora Orozco,Laura Isabel  Gongora Orozco,CSR I - Health Assistance,Sherbrooke,lgongora,CSR I - Health Assistance,Int Client Operations,lroca,74 Rue Queen,Sherbrooke,Quebec,CA,J1M0C9,Global Excel Management Inc.,"OU=Employees,DC=etfsinc,DC=com",Global123.com,globalexcel.com,ccharbonneau,2338,Laura.Gongora@globalexcel.com,lgongora-WebRTC
Madison Rolleston-Chase,Madison,Rolleston-Chase,Madison Rolleston-Chase,CSR I - Health Assistance,Sherbrooke,mrolleston,CSR I - Health Assistance,Int Client Operations,lroca,74 Rue Queen,Sherbrooke,Quebec,CA,J1M0C9,Global Excel Management Inc.,"OU=Employees,DC=etfsinc,DC=com",Global123.com,globalexcel.com,ccharbonneau,2331,Madison.Rolleston-Chase@globalexcel.com,mrolleston-WebRTC
Isseu Fall,Isseu,Fall,Isseu Fall,CSR I - Health Assistance,Sherbrooke,Ifall,CSR I - Health Assistance,Int Client Operations,lroca,74 Rue Queen,Sherbrooke,Quebec,CA,J1M0C9,Global Excel Management Inc.,"OU=Employees,DC=etfsinc,DC=com",Global123.com,globalexcel.com,ccharbonneau,2336,Isseu.Fall@globalexcel.com,Ifall-WebRTC
